{"cameraMode":{"drawMode":0,"name":"Shaded","section":"Shading Mode"},"sceneLighting":false,"audioPlay":false,"sceneViewState":{"showFog":true,"showMaterialUpdate":false,"showSkybox":false,"showFlares":true,"showImageEffects":true,"showParticleSystems":true},"in2DMode":false,"pivot":{"x":1.1920928955078126e-7,"y":0.6116964221000671,"z":-0.2731093168258667},"rotation":{"x":-0.3547321856021881,"y":0.2770962417125702,"z":-0.1109410747885704,"w":-0.8860536813735962},"size":2.6500244140625,"orthographic":false}